1,Gênesis,1,31,775,1
2,Gênesis,2,25,697,1
3,Gênesis,3,24,606,1
4,Gênesis,4,26,780,1
5,Gênesis,5,32,930,1
6,Gênesis,6,22,670,1
7,Gênesis,7,24,758,1
8,Gênesis,8,22,648,1
9,Gênesis,9,29,731,1
10,Gênesis,10,32,753,1
11,Gênesis,11,32,686,1
12,Gênesis,12,20,638,1
13,Gênesis,13,18,471,1
14,Gênesis,14,24,716,1
15,Gênesis,15,21,566,1
16,Gênesis,16,16,432,1
17,Gênesis,17,27,781,1
18,Gênesis,18,33,1106,1
19,Gênesis,19,38,980,1
20,Gênesis,20,18,482,1
21,Gênesis,21,34,805,1
22,Gênesis,22,24,618,1
23,Gênesis,23,20,482,1
24,Gênesis,24,67,1522,1
25,Gênesis,25,34,1074,1
26,Gênesis,26,35,944,1
27,Gênesis,27,46,1024,1
28,Gênesis,28,22,764,1
29,Gênesis,29,35,1053,1
30,Gênesis,30,43,1021,1
31,Gênesis,31,55,1473,1
32,Gênesis,32,32,937,1
33,Gênesis,33,20,528,1
34,Gênesis,34,31,893,1
35,Gênesis,35,29,855,1
36,Gênesis,36,43,1387,1
37,Gênesis,37,36,1043,1
38,Gênesis,38,30,915,1
39,Gênesis,39,23,567,1
40,Gênesis,40,23,610,1
41,Gênesis,41,57,1588,1
42,Gênesis,42,38,1030,1
43,Gênesis,43,34,938,1
44,Gênesis,44,34,998,1
45,Gênesis,45,28,775,1
46,Gênesis,46,34,854,1
47,Gênesis,47,31,853,1
48,Gênesis,48,22,625,1
49,Gênesis,49,33,975,1
50,Gênesis,50,26,717,1
51,Êxodo,1,22,862,1
52,Êxodo,2,25,1108,1
53,Êxodo,3,22,907,1
54,Êxodo,4,31,1330,1
55,Êxodo,5,23,1039,1
56,Êxodo,6,30,1208,1
57,Êxodo,7,25,1017,1
58,Êxodo,8,32,1269,1
59,Êxodo,9,35,1317,1
60,Êxodo,10,29,1087,1
61,Êxodo,11,10,386,1
62,Êxodo,12,51,2215,1
63,Êxodo,13,22,841,1
64,Êxodo,14,31,1205,1
65,Êxodo,15,27,1070,1
66,Êxodo,16,36,1501,1
67,Êxodo,17,16,668,1
68,Êxodo,18,27,1140,1
69,Êxodo,19,25,974,1
70,Êxodo,20,26,1050,1
71,Êxodo,21,36,1479,1
72,Êxodo,22,31,1196,1
73,Êxodo,23,33,1370,1
74,Êxodo,24,18,709,1
75,Êxodo,25,40,1535,1
76,Êxodo,26,37,1490,1
77,Êxodo,27,21,870,1
78,Êxodo,28,43,1730,1
79,Êxodo,29,46,1807,1
80,Êxodo,30,38,1559,1
81,Êxodo,31,18,713,1
82,Êxodo,32,35,1411,1
83,Êxodo,33,23,946,1
84,Êxodo,34,35,1402,1
85,Êxodo,35,35,1396,1
86,Êxodo,36,38,1525,1
87,Êxodo,37,29,1166,1
88,Êxodo,38,31,1266,1
89,Êxodo,39,43,1670,1
90,Êxodo,40,38,1505,1
91,Levítico,1,17,676,1
92,Levítico,2,16,628,1
93,Levítico,3,17,641,1
94,Levítico,4,35,1344,1
95,Levítico,5,19,736,1
96,Levítico,6,30,1166,1
97,Levítico,7,38,1472,1
98,Levítico,8,36,1268,1
99,Levítico,9,24,903,1
100,Levítico,11,47,1597,1
101,Levítico,12,8,294,1
102,Levítico,13,59,2428,1
103,Levítico,14,57,2299,1
104,Levítico,10,20,722,1
105,Levítico,15,33,1326,1
106,Levítico,16,34,1413,1
107,Levítico,17,16,594,1
108,Levítico,18,30,1151,1
109,Levítico,19,37,1373,1
110,Levítico,20,27,967,1
111,Levítico,21,24,827,1
112,Levítico,22,33,1317,1
113,Levítico,23,44,1534,1
114,Levítico,24,23,813,1
115,Levítico,25,55,1943,1
116,Levítico,26,46,1624,1
117,Levítico,27,34,1289,1
118,Números,1,54,1920,1
119,Números,2,34,1376,1
120,Números,3,51,1955,1
121,Números,4,49,1629,1
122,Números,5,31,1106,1
123,Números,6,27,1076,1
124,Números,7,89,2952,1
125,Números,8,26,968,1
126,Números,9,23,892,1
127,Números,10,36,1488,1
128,Números,11,35,1396,1
129,Números,12,16,644,1
130,Números,13,33,1364,1
131,Números,14,45,1755,1
132,Números,15,41,1502,1
133,Números,16,50,1861,1
134,Números,17,13,547,1
135,Números,18,32,1167,1
136,Números,19,22,845,1
137,Números,20,29,1154,1
138,Números,21,35,1358,1
139,Números,22,41,1517,1
140,Números,23,30,1206,1
141,Números,24,25,1056,1
142,Números,25,18,637,1
143,Números,26,65,2197,1
144,Números,27,23,870,1
145,Números,28,31,1095,1
146,Números,29,40,1535,1
147,Números,30,16,608,1
148,Números,31,54,1902,1
149,Números,32,42,1509,1
150,Números,33,56,1971,1
151,Números,34,29,1019,1
152,Números,35,34,1273,1
153,Números,36,13,537,1
154,Deuteronômio,1,46,1903,1
155,Deuteronômio,2,37,1531,1
156,Deuteronômio,3,29,1137,1
157,Deuteronômio,4,49,1759,1
158,Deuteronômio,5,33,1228,1
159,Deuteronômio,6,25,890,1
160,Deuteronômio,7,26,1067,1
161,Deuteronômio,8,20,779,1
162,Deuteronômio,9,29,1077,1
163,Deuteronômio,10,22,831,1
164,Deuteronômio,11,32,1263,1
165,Deuteronômio,12,32,1338,1
166,Deuteronômio,13,18,552,1
167,Deuteronômio,14,29,1096,1
168,Deuteronômio,15,23,824,1
169,Deuteronômio,16,22,811,1
170,Deuteronômio,17,20,725,1
171,Deuteronômio,18,22,790,1
172,Deuteronômio,19,21,681,1
173,Deuteronômio,20,20,621,1
174,Deuteronômio,21,23,876,1
175,Deuteronômio,22,30,986,1
176,Deuteronômio,23,25,810,1
177,Deuteronômio,24,22,751,1
178,Deuteronômio,25,19,664,1
179,Deuteronômio,26,19,650,1
180,Deuteronômio,27,26,724,1
181,Deuteronômio,28,68,2747,1
182,Deuteronômio,29,29,1074,1
183,Deuteronômio,30,20,694,1
184,Deuteronômio,31,30,981,1
185,Deuteronômio,32,52,2022,1
186,Deuteronômio,33,29,925,1
187,Deuteronômio,34,12,465,1
188,Josué,1,18,726,1
189,Josué,2,24,854,1
190,Josué,3,17,648,1
191,Josué,4,24,901,1
192,Josué,5,15,578,1
193,Josué,6,27,859,1
194,Josué,7,26,895,1
195,Josué,8,35,1204,1
196,Josué,9,27,810,1
197,Josué,10,43,1486,1
198,Josué,11,23,987,1
199,Josué,12,24,558,1
200,Josué,13,33,918,1
201,Josué,14,15,575,1
202,Josué,15,63,1673,1
203,Josué,16,10,480,1
204,Josué,17,18,727,1
205,Josué,18,28,821,1
206,Josué,19,51,1360,1
207,Josué,20,9,336,1
208,Josué,21,45,1344,1
209,Josué,22,34,1244,1
210,Josué,23,16,545,1
211,Josué,24,33,1167,1
212,Juízes,1,36,1285,1
213,Juízes,2,23,876,1
214,Juízes,3,31,1168,1
215,Juízes,4,24,929,1
216,Juízes,5,31,1318,1
217,Juízes,6,40,1566,1
218,Juízes,7,25,821,1
219,Juízes,8,35,1444,1
220,Juízes,9,57,1947,1
221,Juízes,10,18,676,1
222,Juízes,11,40,1487,1
223,Juízes,12,15,571,1
224,Juízes,13,25,956,1
225,Juízes,14,20,797,1
226,Juízes,15,20,820,1
227,Juízes,16,31,1337,1
228,Juízes,17,13,478,1
229,Juízes,18,31,1151,1
230,Juízes,19,30,1072,1
231,Juízes,20,48,1597,1
232,Juízes,21,25,957,1
233,Rute,1,22,842,1
234,Rute,2,23,955,1
235,Rute,3,18,643,1
236,Rute,4,22,797,1
237,1 Samuel,1,28,1234,1
238,1 Samuel,2,36,1352,1
239,1 Samuel,3,21,834,1
240,1 Samuel,4,22,964,1
241,1 Samuel,5,12,465,1
242,1 Samuel,6,21,810,1
243,1 Samuel,7,17,672,1
244,1 Samuel,8,22,839,1
245,1 Samuel,9,27,1059,1
246,1 Samuel,10,27,1037,1
247,1 Samuel,11,15,568,1
248,1 Samuel,12,25,956,1
249,1 Samuel,13,23,914,1
250,1 Samuel,14,52,2091,1
251,1 Samuel,15,35,1472,1
252,1 Samuel,16,23,886,1
253,1 Samuel,17,58,2456,1
254,1 Samuel,18,30,1221,1
255,1 Samuel,19,24,1016,1
256,1 Samuel,20,42,1589,1
257,1 Samuel,21,15,604,1
258,1 Samuel,22,23,965,1
259,1 Samuel,23,29,1098,1
260,1 Samuel,24,22,871,1
261,1 Samuel,25,44,1735,1
262,1 Samuel,26,25,976,1
263,1 Samuel,27,12,511,1
264,1 Samuel,28,25,1048,1
265,1 Samuel,29,11,447,1
266,1 Samuel,30,31,1326,1
267,1 Samuel,31,13,574,1
268,2 Samuel,1,27,1068,1
269,2 Samuel,2,32,1275,1
270,2 Samuel,3,39,1534,1
271,2 Samuel,4,12,552,1
272,2 Samuel,5,25,1029,1
273,2 Samuel,6,23,955,1
274,2 Samuel,7,29,1237,1
275,2 Samuel,8,18,703,1
276,2 Samuel,9,13,471,1
277,2 Samuel,10,19,751,1
278,2 Samuel,11,27,1197,1
279,2 Samuel,12,31,1355,1
280,2 Samuel,13,39,1560,1
281,2 Samuel,14,33,1423,1
282,2 Samuel,15,37,1449,1
283,2 Samuel,16,23,1061,1
284,2 Samuel,17,29,1308,1
285,2 Samuel,18,33,1399,1
286,2 Samuel,19,43,1732,1
287,2 Samuel,20,26,987,1
288,2 Samuel,21,22,875,1
289,2 Samuel,22,51,2059,1
290,2 Samuel,23,39,1780,1
291,2 Samuel,24,25,972,1
292,1 Reis,1,53,2003,1
293,1 Reis,2,46,1831,1
294,1 Reis,3,28,1192,1
295,1 Reis,4,34,1576,1
296,1 Reis,5,18,777,1
297,1 Reis,6,38,1688,1
298,1 Reis,7,51,2206,1
299,1 Reis,8,66,2671,1
300,1 Reis,9,28,1064,1
301,1 Reis,10,29,1339,1
302,1 Reis,11,43,1991,1
303,1 Reis,12,33,1521,1
304,1 Reis,13,34,1459,1
305,1 Reis,14,31,1314,1
306,1 Reis,15,34,1543,1
307,1 Reis,16,34,1477,1
308,1 Reis,17,24,1082,1
309,1 Reis,18,46,1905,1
310,1 Reis,19,21,985,1
311,1 Reis,20,43,1824,1
312,1 Reis,21,29,1294,1
313,1 Reis,22,53,2248,1
314,2 Reis,1,18,853,1
315,2 Reis,2,25,1158,1
316,2 Reis,3,27,1061,1
317,2 Reis,4,44,1542,1
318,2 Reis,5,27,1110,1
319,2 Reis,6,33,1552,1
320,2 Reis,7,20,823,1
321,2 Reis,8,29,1295,1
322,2 Reis,9,37,1629,1
323,2 Reis,10,36,1577,1
324,2 Reis,11,21,1002,1
325,2 Reis,12,21,1036,1
326,2 Reis,13,25,1176,1
327,2 Reis,14,29,1377,1
328,2 Reis,15,38,1696,1
329,2 Reis,16,20,1045,1
330,2 Reis,17,41,1940,1
331,2 Reis,18,37,1672,1
332,2 Reis,19,37,1666,1
333,2 Reis,20,21,881,1
334,2 Reis,21,26,1333,1
335,2 Reis,22,20,971,1
336,2 Reis,23,37,1587,1
337,2 Reis,24,20,771,1
338,2 Reis,25,30,1366,1
339,1 Crônicas,1,54,1998,1
340,1 Crônicas,2,55,1842,1
341,1 Crônicas,3,24,1023,1
342,1 Crônicas,4,43,1599,1
343,1 Crônicas,5,26,1120,1
344,1 Crônicas,6,81,3018,1
345,1 Crônicas,7,40,1703,1
346,1 Crônicas,8,40,1447,1
347,1 Crônicas,9,44,1766,1
348,1 Crônicas,10,14,644,1
349,1 Crônicas,11,47,2035,1
350,1 Crônicas,12,40,1809,1
351,1 Crônicas,13,14,581,1
352,1 Crônicas,14,17,805,1
353,1 Crônicas,15,29,1193,1
354,1 Crônicas,16,43,1697,1
355,1 Crônicas,17,27,1127,1
356,1 Crônicas,18,17,751,1
357,1 Crônicas,19,19,748,1
358,1 Crônicas,20,8,324,1
359,1 Crônicas,21,30,1191,1
360,1 Crônicas,22,19,863,1
361,1 Crônicas,23,32,1398,1
362,1 Crônicas,24,31,907,1
363,1 Crônicas,25,31,809,1
364,1 Crônicas,26,32,1052,1
365,1 Crônicas,27,34,1161,1
366,1 Crônicas,28,21,1132,1
367,1 Crônicas,29,30,1067,1
368,2 Crônicas,1,17,670,1
369,2 Crônicas,2,18,741,1
370,2 Crônicas,3,17,605,1
371,2 Crônicas,4,22,831,1
372,2 Crônicas,5,14,521,1
373,2 Crônicas,6,42,1714,1
374,2 Crônicas,7,22,820,1
375,2 Crônicas,8,18,776,1
376,2 Crônicas,9,31,1329,1
377,2 Crônicas,10,19,811,1
378,2 Crônicas,11,23,993,1
379,2 Crônicas,12,16,625,1
380,2 Crônicas,13,22,818,1
381,2 Crônicas,14,15,612,1
382,2 Crônicas,15,19,741,1
383,2 Crônicas,16,14,520,1
384,2 Crônicas,17,19,713,1
385,2 Crônicas,18,34,1413,1
386,2 Crônicas,19,11,512,1
387,2 Crônicas,20,37,1504,1
388,2 Crônicas,21,20,717,1
389,2 Crônicas,22,12,489,1
390,2 Crônicas,23,21,874,1
391,2 Crônicas,24,27,1033,1
392,2 Crônicas,25,28,1182,1
393,2 Crônicas,26,23,1095,1
394,2 Crônicas,27,9,366,1
395,2 Crônicas,28,27,1147,1
396,2 Crônicas,29,36,1550,1
397,2 Crônicas,30,27,1154,1
398,2 Crônicas,31,21,849,1
399,2 Crônicas,32,33,1451,1
400,2 Crônicas,33,25,1288,1
401,2 Crônicas,34,33,1505,1
402,2 Crônicas,35,27,1243,1
403,2 Crônicas,36,23,1078,1
404,Esdras,1,11,470,1
405,Esdras,2,70,2427,1
406,Esdras,3,13,537,1
407,Esdras,4,24,1171,1
408,Esdras,5,17,818,1
409,Esdras,6,22,913,1
410,Esdras,7,28,1223,1
411,Esdras,8,36,1562,1
412,Esdras,9,15,607,1
413,Esdras,10,44,1458,1
414,Neemias,1,11,496,1
415,Neemias,2,20,855,1
416,Neemias,3,32,1212,1
417,Neemias,4,23,804,1
418,Neemias,5,19,597,1
419,Neemias,6,19,656,1
420,Neemias,7,73,2446,1
421,Neemias,8,18,703,1
422,Neemias,9,38,1217,1
423,Neemias,10,39,1261,1
424,Neemias,11,36,1266,1
425,Neemias,12,47,1813,1
426,Neemias,13,31,1171,1
427,Ester,1,22,879,1
428,Ester,2,23,652,1
429,Ester,3,15,568,1
430,Ester,4,17,580,1
431,Ester,5,14,563,1
432,Ester,6,14,537,1
433,Ester,7,10,409,1
434,Ester,8,17,518,1
435,Ester,9,32,856,1
436,Ester,10,3,121,1
437,Jó,1,22,1070,1
438,Jó,2,13,594,1
439,Jó,3,26,848,1
440,Jó,4,21,816,1
441,Jó,5,27,948,1
442,Jó,6,30,1261,1
443,Jó,7,21,831,1
444,Jó,8,22,825,1
445,Jó,9,35,1516,1
446,Jó,10,22,979,1
447,Jó,11,20,811,1
448,Jó,12,25,1038,1
449,Jó,13,28,1104,1
450,Jó,14,22,911,1
451,Jó,15,35,1477,1
452,Jó,16,22,890,1
453,Jó,17,16,636,1
454,Jó,18,21,741,1
455,Jó,19,29,1061,1
456,Jó,20,29,947,1
457,Jó,21,34,1222,1
458,Jó,22,30,1125,1
459,Jó,23,17,669,1
460,Jó,24,25,992,1
461,Jó,25,6,223,1
462,Jó,26,14,456,1
463,Jó,27,23,874,1
464,Jó,28,28,1129,1
465,Jó,29,25,946,1
466,Jó,30,31,1244,1
467,Jó,31,40,1673,1
468,Jó,32,22,784,1
469,Jó,33,33,1382,1
470,Jó,34,37,1654,1
471,Jó,35,16,663,1
472,Jó,36,33,1514,1
473,Jó,37,24,990,1
474,Jó,38,41,1995,1
475,Jó,39,30,1196,1
476,Jó,40,24,909,1
477,Jó,41,34,1475,1
478,Jó,42,17,680,1
479,Salmos,1,6,226,1
480,Salmos,2,12,515,1
481,Salmos,3,8,209,1
482,Salmos,4,8,224,1
483,Salmos,5,12,387,1
484,Salmos,6,10,244,1
485,Salmos,7,17,474,1
486,Salmos,8,9,207,1
487,Salmos,9,20,544,1
488,Salmos,10,18,497,1
489,Salmos,11,7,175,1
490,Salmos,12,8,203,1
491,Salmos,13,6,137,1
492,Salmos,14,7,172,1
493,Salmos,15,5,131,1
494,Salmos,16,11,275,1
495,Salmos,17,15,371,1
496,Salmos,18,50,1140,1
497,Salmos,19,14,351,1
498,Salmos,20,9,202,1
499,Salmos,21,13,335,1
500,Salmos,22,31,733,1
501,Salmos,23,6,118,1
502,Salmos,24,10,183,1
503,Salmos,25,22,502,1
504,Salmos,26,12,242,1
505,Salmos,27,14,375,1
506,Salmos,28,9,194,1
507,Salmos,29,11,184,1
508,Salmos,30,12,215,1
509,Salmos,31,24,574,1
510,Salmos,32,11,251,1
511,Salmos,33,22,425,1
512,Salmos,34,22,444,1
513,Salmos,35,28,688,1
514,Salmos,36,12,263,1
515,Salmos,37,40,896,1
516,Salmos,38,22,534,1
517,Salmos,39,13,318,1
518,Salmos,40,17,455,1
519,Salmos,41,13,342,1
520,Salmos,42,11,239,1
521,Salmos,43,5,139,1
522,Salmos,44,26,540,1
523,Salmos,45,17,354,1
524,Salmos,46,11,198,1
525,Salmos,47,9,139,1
526,Salmos,48,14,266,1
527,Salmos,49,20,433,1
528,Salmos,50,23,451,1
529,Salmos,51,19,425,1
530,Salmos,52,9,213,1
531,Salmos,53,6,138,1
532,Salmos,54,7,168,1
533,Salmos,55,23,526,1
534,Salmos,56,13,290,1
535,Salmos,57,11,242,1
536,Salmos,58,11,213,1
537,Salmos,59,17,408,1
538,Salmos,60,12,241,1
539,Salmos,61,8,170,1
540,Salmos,62,12,224,1
541,Salmos,63,11,184,1
542,Salmos,64,10,213,1
543,Salmos,65,13,294,1
544,Salmos,66,20,405,1
545,Salmos,67,7,147,1
546,Salmos,68,35,792,1
547,Salmos,69,36,870,1
548,Salmos,70,5,100,1
549,Salmos,71,24,576,1
550,Salmos,72,20,469,1
551,Salmos,73,28,594,1
552,Salmos,74,23,493,1
553,Salmos,75,10,189,1
554,Salmos,76,12,239,1
555,Salmos,77,20,474,1
556,Salmos,78,72,1066,1
557,Salmos,79,13,290,1
558,Salmos,80,19,468,1
559,Salmos,81,16,325,1
560,Salmos,82,8,180,1
561,Salmos,83,18,389,1
562,Salmos,84,12,293,1
563,Salmos,85,13,318,1
564,Salmos,86,17,392,1
565,Salmos,87,7,157,1
566,Salmos,88,18,432,1
567,Salmos,89,52,1100,1
568,Salmos,90,17,379,1
569,Salmos,91,16,386,1
570,Salmos,92,15,355,1
571,Salmos,93,5,111,1
572,Salmos,94,23,546,1
573,Salmos,95,11,221,1
574,Salmos,96,13,314,1
575,Salmos,97,12,280,1
576,Salmos,98,9,180,1
577,Salmos,99,9,203,1
578,Salmos,100,5,101,1
579,Salmos,101,8,199,1
580,Salmos,102,28,468,1
581,Salmos,103,22,485,1
582,Salmos,104,35,649,1
583,Salmos,105,45,909,1
584,Salmos,106,48,1021,1
585,Salmos,107,43,805,1
586,Salmos,108,13,253,1
587,Salmos,109,31,702,1
588,Salmos,110,7,140,1
589,Salmos,111,10,180,1
590,Salmos,112,10,170,1
591,Salmos,113,9,148,1
592,Salmos,114,8,137,1
593,Salmos,115,18,408,1
594,Salmos,116,19,384,1
595,Salmos,117,2,36,1
596,Salmos,118,29,607,1
597,Salmos,119,176,2441,1
598,Salmos,120,7,142,1
599,Salmos,121,8,162,1
600,Salmos,122,9,162,1
601,Salmos,123,4,83,1
602,Salmos,124,8,135,1
603,Salmos,125,5,100,1
604,Salmos,126,6,97,1
605,Salmos,127,5,107,1
606,Salmos,128,6,91,1
607,Salmos,129,8,113,1
608,Salmos,130,8,127,1
609,Salmos,131,3,59,1
610,Salmos,132,18,368,1
611,Salmos,133,3,59,1
612,Salmos,134,3,55,1
613,Salmos,135,21,382,1
614,Salmos,136,26,440,1
615,Salmos,137,9,201,1
616,Salmos,138,8,133,1
617,Salmos,139,24,486,1
618,Salmos,140,13,271,1
619,Salmos,141,10,168,1
620,Salmos,142,7,151,1
621,Salmos,143,12,251,1
622,Salmos,144,15,346,1
623,Salmos,145,21,500,1
624,Salmos,146,10,159,1
625,Salmos,147,20,437,1
626,Salmos,148,14,271,1
627,Salmos,149,9,163,1
628,Salmos,150,6,115,1
629,Provérbios,1,33,783,1
630,Provérbios,2,22,515,1
631,Provérbios,3,35,847,1
632,Provérbios,4,27,678,1
633,Provérbios,5,23,567,1
634,Provérbios,6,35,823,1
635,Provérbios,7,27,602,1
636,Provérbios,8,36,956,1
637,Provérbios,9,18,464,1
638,Provérbios,10,32,942,1
639,Provérbios,11,31,764,1
640,Provérbios,12,28,705,1
641,Provérbios,13,25,621,1
642,Provérbios,14,35,892,1
643,Provérbios,15,33,874,1
644,Provérbios,16,33,1064,1
645,Provérbios,17,28,748,1
646,Provérbios,18,24,510,1
647,Provérbios,19,29,795,1
648,Provérbios,20,30,691,1
649,Provérbios,21,31,754,1
650,Provérbios,22,29,741,1
651,Provérbios,23,35,944,1
652,Provérbios,24,34,924,1
653,Provérbios,25,28,686,1
654,Provérbios,26,28,806,1
655,Provérbios,27,27,717,1
656,Provérbios,28,28,795,1
657,Provérbios,29,27,771,1
658,Provérbios,30,33,686,1
659,Provérbios,31,31,781,1
660,Eclesiastes,1,18,438,1
661,Eclesiastes,2,26,775,1
662,Eclesiastes,3,22,552,1
663,Eclesiastes,4,16,400,1
664,Eclesiastes,5,20,531,1
665,Eclesiastes,6,12,353,1
666,Eclesiastes,7,29,828,1
667,Eclesiastes,8,17,422,1
668,Eclesiastes,9,18,425,1
669,Eclesiastes,10,20,478,1
670,Eclesiastes,11,10,247,1
671,Eclesiastes,12,14,396,1
672,Cânticos,1,17,470,1
673,Cânticos,2,17,483,1
674,Cânticos,3,11,218,1
675,Cânticos,4,16,399,1
676,Cânticos,5,16,407,1
677,Cânticos,6,13,260,1
678,Cânticos,7,13,266,1
679,Cânticos,8,14,376,1
680,Isaías,1,31,1233,1
681,Isaías,2,22,853,1
682,Isaías,3,26,922,1
683,Isaías,4,6,232,1
684,Isaías,5,30,1192,1
685,Isaías,6,13,490,1
686,Isaías,7,25,889,1
687,Isaías,8,22,684,1
688,Isaías,9,21,746,1
689,Isaías,10,34,1428,1
690,Isaías,11,16,604,1
691,Isaías,12,6,128,1
692,Isaías,13,22,605,1
693,Isaías,14,32,1037,1
694,Isaías,15,9,235,1
695,Isaías,16,14,416,1
696,Isaías,17,14,372,1
697,Isaías,18,7,166,1
698,Isaías,19,25,700,1
699,Isaías,20,6,166,1
700,Isaías,21,17,390,1
701,Isaías,22,25,864,1
702,Isaías,23,18,446,1
703,Isaías,24,23,592,1
704,Isaías,25,12,364,1
705,Isaías,26,21,773,1
706,Isaías,27,13,372,1
707,Isaías,28,29,1011,1
708,Isaías,29,24,730,1
709,Isaías,30,33,1076,1
710,Isaías,31,9,323,1
711,Isaías,32,20,681,1
712,Isaías,33,24,824,1
713,Isaías,34,17,635,1
714,Isaías,35,10,309,1
715,Isaías,36,22,829,1
716,Isaías,37,38,1441,1
717,Isaías,38,22,646,1
718,Isaías,39,8,244,1
719,Isaías,40,31,1222,1
720,Isaías,41,29,1229,1
721,Isaías,42,25,959,1
722,Isaías,43,28,1040,1
723,Isaías,44,28,1053,1
724,Isaías,45,25,1055,1
725,Isaías,46,13,346,1
726,Isaías,47,15,403,1
727,Isaías,48,22,693,1
728,Isaías,49,26,886,1
729,Isaías,50,11,372,1
730,Isaías,51,23,875,1
731,Isaías,52,15,617,1
732,Isaías,53,12,378,1
733,Isaías,54,17,611,1
734,Isaías,55,13,436,1
735,Isaías,56,12,383,1
736,Isaías,57,21,829,1
737,Isaías,58,14,590,1
738,Isaías,59,21,792,1
739,Isaías,60,22,702,1
740,Isaías,61,11,353,1
741,Isaías,62,12,426,1
742,Isaías,63,19,539,1
743,Isaías,64,12,309,1
744,Isaías,65,25,967,1
745,Isaías,66,24,1053,1
746,Jeremias,1,19,851,1
747,Jeremias,2,37,1645,1
748,Jeremias,3,25,1012,1
749,Jeremias,4,31,1304,1
750,Jeremias,5,31,1317,1
751,Jeremias,6,30,1375,1
752,Jeremias,7,34,1429,1
753,Jeremias,8,22,932,1
754,Jeremias,9,26,1041,1
755,Jeremias,10,25,1117,1
756,Jeremias,11,23,1057,1
757,Jeremias,12,17,738,1
758,Jeremias,13,27,1082,1
759,Jeremias,14,22,904,1
760,Jeremias,15,21,972,1
761,Jeremias,16,21,952,1
762,Jeremias,17,27,1212,1
763,Jeremias,18,23,1031,1
764,Jeremias,19,15,670,1
765,Jeremias,20,18,831,1
766,Jeremias,21,14,609,1
767,Jeremias,22,30,1342,1
768,Jeremias,23,40,1854,1
769,Jeremias,24,10,466,1
770,Jeremias,25,38,1747,1
771,Jeremias,26,24,1085,1
772,Jeremias,27,22,983,1
773,Jeremias,28,17,725,1
774,Jeremias,29,32,1614,1
775,Jeremias,30,24,1062,1
776,Jeremias,31,40,1815,1
777,Jeremias,32,44,2094,1
778,Jeremias,33,26,1269,1
779,Jeremias,34,22,931,1
780,Jeremias,35,19,774,1
781,Jeremias,36,32,1610,1
782,Jeremias,37,21,876,1
783,Jeremias,38,28,1440,1
784,Jeremias,39,18,714,1
785,Jeremias,40,16,716,1
786,Jeremias,41,18,775,1
787,Jeremias,42,22,893,1
788,Jeremias,43,13,602,1
789,Jeremias,44,30,1342,1
790,Jeremias,45,5,203,1
791,Jeremias,46,28,1206,1
792,Jeremias,47,7,271,1
793,Jeremias,48,47,2076,1
794,Jeremias,49,39,1835,1
795,Jeremias,50,46,2094,1
796,Jeremias,51,64,2782,1
797,Jeremias,52,34,1536,1
798,Lamentações,1,22,880,1
799,Lamentações,2,22,912,1
800,Lamentações,3,66,2542,1
801,Lamentações,4,22,955,1
802,Lamentações,5,22,549,1
803,Ezequiel,1,28,941,1
804,Ezequiel,2,10,586,1
805,Ezequiel,3,27,1058,1
806,Ezequiel,4,17,830,1
807,Ezequiel,5,17,695,1
808,Ezequiel,6,14,534,1
809,Ezequiel,7,27,993,1
810,Ezequiel,8,18,850,1
811,Ezequiel,9,11,432,1
812,Ezequiel,10,22,717,1
813,Ezequiel,11,25,951,1
814,Ezequiel,12,28,902,1
815,Ezequiel,13,23,746,1
816,Ezequiel,14,23,802,1
817,Ezequiel,15,8,336,1
818,Ezequiel,16,63,2568,1
819,Ezequiel,17,24,1002,1
820,Ezequiel,18,32,1277,1
821,Ezequiel,19,14,473,1
822,Ezequiel,20,49,1666,1
823,Ezequiel,21,32,1135,1
824,Ezequiel,22,31,1160,1
825,Ezequiel,23,49,1666,1
826,Ezequiel,24,27,1081,1
827,Ezequiel,25,17,496,1
828,Ezequiel,26,21,567,1
829,Ezequiel,27,36,1206,1
830,Ezequiel,28,26,926,1
831,Ezequiel,29,21,640,1
832,Ezequiel,30,26,723,1
833,Ezequiel,31,18,611,1
834,Ezequiel,32,32,1163,1
835,Ezequiel,33,33,1330,1
836,Ezequiel,34,31,970,1
837,Ezequiel,35,15,488,1
838,Ezequiel,36,38,1330,1
839,Ezequiel,37,28,1019,1
840,Ezequiel,38,23,854,1
841,Ezequiel,39,29,1020,1
842,Ezequiel,40,49,1499,1
843,Ezequiel,41,26,864,1
844,Ezequiel,42,20,623,1
845,Ezequiel,43,27,1006,1
846,Ezequiel,44,31,1034,1
847,Ezequiel,45,25,825,1
848,Ezequiel,46,24,670,1
849,Ezequiel,47,23,728,1
850,Ezequiel,48,35,1318,1
851,Daniel,1,21,688,1
852,Daniel,2,49,1563,1
853,Daniel,3,30,894,1
854,Daniel,4,37,1043,1
855,Daniel,5,31,818,1
856,Daniel,6,28,750,1
857,Daniel,7,28,791,1
858,Daniel,8,27,797,1
859,Daniel,9,27,911,1
860,Daniel,10,21,712,1
861,Daniel,11,45,1500,1
862,Daniel,12,13,564,1
863,Oséias,1,11,320,1
864,Oséias,2,25,482,1
865,Oséias,3,5,115,1
866,Oséias,4,19,379,1
867,Oséias,5,15,315,1
868,Oséias,6,11,220,1
869,Oséias,7,16,373,1
870,Oséias,8,14,302,1
871,Oséias,9,17,416,1
872,Oséias,10,15,327,1
873,Oséias,11,11,260,1
874,Oséias,12,14,303,1
875,Oséias,13,16,287,1
876,Oséias,14,9,191,1
877,Joel,1,20,437,1
878,Joel,2,32,670,1
879,Joel,3,21,427,1
880,Amós,1,15,339,1
881,Amós,2,16,345,1
882,Amós,3,15,271,1
883,Amós,4,13,323,1
884,Amós,5,27,596,1
885,Amós,6,14,315,1
886,Amós,7,17,409,1
887,Amós,8,14,295,1
888,Amós,9,15,368,1
889,Obadias,1,21,291,1
890,Jonas,1,17,428,1
891,Jonas,2,10,247,1
892,Jonas,3,10,192,1
893,Jonas,4,11,293,1
894,Miquéias,1,16,453,1
895,Miquéias,2,13,365,1
896,Miquéias,3,12,313,1
897,Miquéias,4,13,339,1
898,Miquéias,5,15,346,1
899,Miquéias,6,16,368,1
900,Miquéias,7,20,457,1
901,Naum,1,15,422,1
902,Naum,2,13,334,1
903,Naum,3,19,535,1
904,Habacuque,1,17,471,1
905,Habacuque,2,20,528,1
906,Habacuque,3,19,503,1
907,Sofonias,1,18,453,1
908,Sofonias,2,15,346,1
909,Sofonias,3,20,467,1
910,Ageu,1,15,398,1
911,Ageu,2,23,674,1
912,Zacarias,1,21,635,1
913,Zacarias,2,13,353,1
914,Zacarias,3,10,293,1
915,Zacarias,4,14,383,1
916,Zacarias,5,11,316,1
917,Zacarias,6,15,458,1
918,Zacarias,7,14,408,1
919,Zacarias,8,23,670,1
920,Zacarias,9,17,432,1
921,Zacarias,10,12,304,1
922,Zacarias,11,17,412,1
923,Zacarias,12,14,363,1
924,Zacarias,13,9,245,1
925,Zacarias,14,21,528,1
926,Malaquias,1,14,400,1
927,Malaquias,2,17,484,1
928,Malaquias,3,18,513,1
929,Malaquias,4,6,186,1
930,Mateus,1,25,1071,2
931,Mateus,2,23,1292,2
932,Mateus,3,17,719,2
933,Mateus,4,25,1242,2
934,Mateus,5,48,2353,2
935,Mateus,6,34,1692,2
936,Mateus,7,29,1411,2
937,Mateus,8,34,1428,2
938,Mateus,9,38,1682,2
939,Mateus,10,42,1917,2
940,Mateus,11,30,1366,2
941,Mateus,12,50,1962,2
942,Mateus,13,58,2671,2
943,Mateus,14,36,1723,2
944,Mateus,15,39,1734,2
945,Mateus,16,28,1419,2
946,Mateus,17,27,1509,2
947,Mateus,18,35,1911,2
948,Mateus,19,30,1582,2
949,Mateus,20,34,1800,2
950,Mateus,21,46,2229,2
951,Mateus,22,46,2141,2
952,Mateus,23,39,1867,2
953,Mateus,24,51,2509,2
954,Mateus,25,46,2119,2
955,Mateus,26,75,3051,2
956,Mateus,27,66,2639,2
957,Mateus,28,20,924,2
958,Marcos,1,45,1679,2
959,Marcos,2,28,1263,2
960,Marcos,3,35,1473,2
961,Marcos,4,41,1841,2
962,Marcos,5,43,1810,2
963,Marcos,6,56,2241,2
964,Marcos,7,37,1719,2
965,Marcos,8,38,1553,2
966,Marcos,9,50,2026,2
967,Marcos,10,52,2149,2
968,Marcos,11,33,1669,2
969,Marcos,12,44,2258,2
970,Marcos,13,37,1559,2
971,Marcos,4,7,2900,2
972,Marcos,5,4,2096,2
973,Marcos,6,2,844,2
974,Lucas,1,80,1351,2
975,Lucas,2,52,947,2
976,Lucas,3,38,815,2
977,Lucas,4,44,848,2
978,Lucas,5,39,819,2
979,Lucas,6,49,1066,2
980,Lucas,7,50,1031,2
981,Lucas,8,56,1210,2
982,Lucas,9,62,1269,2
983,Lucas,10,42,865,2
984,Lucas,11,54,1137,2
985,Lucas,12,59,1184,2
986,Lucas,13,35,727,2
987,Lucas,14,35,704,2
988,Lucas,15,32,593,2
989,Lucas,16,31,665,2
990,Lucas,17,37,632,2
991,Lucas,18,43,738,2
992,Lucas,19,48,849,2
993,Lucas,20,47,806,2
994,Lucas,21,38,677,2
995,Lucas,22,71,1187,2
996,Lucas,23,56,957,2
997,Lucas,24,53,920,2
998,João,1,51,2023,2
999,João,2,25,1007,2
1000,João,3,36,1438,2
1001,João,4,54,2041,2
1002,João,5,47,1836,2
1003,João,6,71,2829,2
1004,João,7,53,2055,2
1005,João,8,59,2376,2
1006,João,9,41,1628,2
1007,João,10,42,1765,2
1008,João,11,57,2266,2
1009,João,12,50,1919,2
1010,João,13,38,1602,2
1011,João,14,31,1298,2
1012,João,15,27,1086,2
1013,João,16,33,1525,2
1014,João,17,26,1019,2
1015,João,18,40,1673,2
1016,João,19,42,1838,2
1017,João,20,31,1303,2
1018,João,21,25,1011,2
1019,Atos dos Apóstolos,1,26,1006,2
1020,Atos dos Apóstolos,2,47,1890,2
1021,Atos dos Apóstolos,3,26,1027,2
1022,Atos dos Apóstolos,4,37,1666,2
1023,Atos dos Apóstolos,5,42,1754,2
1024,Atos dos Apóstolos,6,15,567,2
1025,Atos dos Apóstolos,7,60,2285,2
1026,Atos dos Apóstolos,8,40,1572,2
1027,Atos dos Apóstolos,9,43,1758,2
1028,Atos dos Apóstolos,10,48,1853,2
1029,Atos dos Apóstolos,11,30,1255,2
1030,Atos dos Apóstolos,12,25,1001,2
1031,Atos dos Apóstolos,13,52,2013,2
1032,Atos dos Apóstolos,14,28,1166,2
1033,Atos dos Apóstolos,15,41,1577,2
1034,Atos dos Apóstolos,16,40,1617,2
1035,Atos dos Apóstolos,17,34,1566,2
1036,Atos dos Apóstolos,18,28,1098,2
1037,Atos dos Apóstolos,19,41,1723,2
1038,Atos dos Apóstolos,20,38,1603,2
1039,Atos dos Apóstolos,21,40,1576,2
1040,Atos dos Apóstolos,22,30,1198,2
1041,Atos dos Apóstolos,23,35,1444,2
1042,Atos dos Apóstolos,24,27,1167,2
1043,Atos dos Apóstolos,25,27,1076,2
1044,Atos dos Apóstolos,26,32,1393,2
1045,Atos dos Apóstolos,27,44,1625,2
1046,Atos dos Apóstolos,28,31,1275,2
1047,Romanos,1,32,653,2
1048,Romanos,2,29,565,2
1049,Romanos,3,31,523,2
1050,Romanos,4,25,520,2
1051,Romanos,5,21,482,2
1052,Romanos,6,23,447,2
1053,Romanos,7,25,542,2
1054,Romanos,8,39,854,2
1055,Romanos,9,33,646,2
1056,Romanos,10,21,418,2
1057,Romanos,11,36,718,2
1058,Romanos,12,21,378,2
1059,Romanos,13,14,328,2
1060,Romanos,14,23,511,2
1061,Romanos,15,33,655,2
1062,Romanos,16,27,483,2
1063,1 Coríntios,1,31,1104,2
1064,1 Coríntios,2,16,532,2
1065,1 Coríntios,3,23,823,2
1066,1 Coríntios,4,21,798,2
1067,1 Coríntios,5,13,505,2
1068,1 Coríntios,6,20,714,2
1069,1 Coríntios,7,40,1422,2
1070,1 Coríntios,8,13,437,2
1071,1 Coríntios,9,27,956,2
1072,1 Coríntios,10,33,1192,2
1073,1 Coríntios,11,34,1239,2
1074,1 Coríntios,12,31,1107,2
1075,1 Coríntios,13,13,433,2
1076,1 Coríntios,14,40,1353,2
1077,1 Coríntios,15,58,1882,2
1078,1 Coríntios,16,24,833,2
1079,2 Coríntios,1,24,822,2
1080,2 Coríntios,2,17,593,2
1081,2 Coríntios,3,18,579,2
1082,2 Coríntios,4,18,724,2
1083,2 Coríntios,5,21,801,2
1084,2 Coríntios,6,18,611,2
1085,2 Coríntios,7,16,585,2
1086,2 Coríntios,8,24,789,2
1087,2 Coríntios,9,15,483,2
1088,2 Coríntios,10,18,586,2
1089,2 Coríntios,11,33,962,2
1090,2 Coríntios,12,21,701,2
1091,2 Coríntios,13,14,411,2
1092,Gálatas,1,24,870,2
1093,Gálatas,2,21,711,2
1094,Gálatas,3,29,975,2
1095,Gálatas,4,31,1178,2
1096,Gálatas,5,26,987,2
1097,Gálatas,6,18,639,2
1098,Efésios,1,23,664,2
1099,Efésios,2,22,610,2
1100,Efésios,3,21,606,2
1101,Efésios,4,32,1051,2
1102,Efésios,5,33,1127,2
1103,Efésios,6,24,834,2
1104,Filipenses,1,30,838,2
1105,Filipenses,2,30,833,2
1106,Filipenses,3,21,658,2
1107,Filipenses,4,23,808,2
1108,Colossenses,1,29,823,2
1109,Colossenses,2,23,653,2
1110,Colossenses,3,25,743,2
1111,Colossenses,4,18,556,2
1112,1 Tessalonicenses,1,10,306,2
1113,1 Tessalonicenses,2,20,540,2
1114,1 Tessalonicenses,3,13,377,2
1115,1 Tessalonicenses,4,18,430,2
1116,1 Tessalonicenses,5,28,682,2
1117,2 Tessalonicenses,1,12,333,2
1118,2 Tessalonicenses,2,17,409,2
1119,2 Tessalonicenses,3,18,442,2
1120,1 Timóteo,1,20,678,2
1121,1 Timóteo,2,15,490,2
1122,1 Timóteo,3,16,510,2
1123,1 Timóteo,4,16,472,2
1124,1 Timóteo,5,25,813,2
1125,1 Timóteo,6,21,651,2
1126,2 Timóteo,1,18,446,2
1127,2 Timóteo,2,26,682,2
1128,2 Timóteo,3,17,548,2
1129,2 Timóteo,4,22,602,2
1130,Tito,1,16,407,2
1131,Tito,2,15,361,2
1132,Tito,3,15,409,2
1133,Filemom,1,25,430,2
1134,Hebreus,1,14,428,2
1135,Hebreus,2,18,496,2
1136,Hebreus,3,19,580,2
1137,Hebreus,4,16,491,2
1138,Hebreus,5,14,412,2
1139,Hebreus,6,20,613,2
1140,Hebreus,7,28,900,2
1141,Hebreus,8,13,420,2
1142,Hebreus,9,28,850,2
1143,Hebreus,10,39,1229,2
1144,Hebreus,11,40,1321,2
1145,Hebreus,12,29,929,2
1146,Hebreus,13,25,807,2
1147,Tiago,1,27,1088,2
1148,Tiago,2,26,907,2
1149,Tiago,3,18,670,2
1150,Tiago,4,17,588,2
1151,Tiago,5,20,665,2
1152,1 Pedro,1,25,809,2
1153,1 Pedro,2,25,680,2
1154,1 Pedro,3,22,822,2
1155,1 Pedro,4,19,692,2
1156,1 Pedro,5,14,523,2
1157,2 Pedro,1,21,673,2
1158,2 Pedro,2,22,593,2
1159,2 Pedro,3,18,521,2
1160,1 João,1,10,294,2
1161,1 João,2,29,879,2
1162,1 João,3,24,708,2
1163,1 João,4,21,671,2
1164,1 João,5,21,732,2
1165,2 João,1,13,298,2
1166,3 João,1,14,294,2
1167,Judas,1,25,461,2
1168,Apocalipse,1,20,404,2
1169,Apocalipse,2,29,628,2
1170,Apocalipse,3,22,448,2
1171,Apocalipse,4,11,248,2
1172,Apocalipse,5,14,245,2
1173,Apocalipse,6,17,318,2
1174,Apocalipse,7,17,325,2
1175,Apocalipse,8,13,211,2
1176,Apocalipse,9,21,303,2
1177,Apocalipse,10,11,220,2
1178,Apocalipse,11,19,332,2
1179,Apocalipse,12,17,343,2
1180,Apocalipse,13,18,300,2
1181,Apocalipse,14,20,366,2
1182,Apocalipse,15,8,84,2
1183,Apocalipse,16,21,364,2
1184,Apocalipse,17,18,315,2
1185,Apocalipse,18,24,372,2
1186,Apocalipse,19,21,328,2
1187,Apocalipse,20,15,310,2
1188,Apocalipse,21,27,433,2
1189,Apocalipse,22,21,334,2
